mapping_type,stage,node,8177_task,source_8175_task,inherited_sols,justification
PARALLEL_TRANSITIVE,Stage1,Industry / Producer overview,8177-39,8175-44,"English: 10.RV, 10.RI, 10.LU, 10.C, 11.DSR, 11.RV, 11.RI, 11.LU, 11.C, 12.RV, 12.RI, 12.LU, 12.C","Parallel unit — same concept, same lesson, both courses"
PARALLEL_TRANSITIVE,Stage1,Industry / Producer overview,8177-39,8175-45,"English: 10.RV, 10.RI, 10.LU, 10.C, 11.DSR, 11.RV, 11.RI, 11.LU, 11.C, 12.RV, 12.RI, 12.LU, 12.C","Parallel unit — same concept, same lesson, both courses"
PARALLEL_TRANSITIVE,Stage1,Industry / Producer overview,8177-39,8175-46,"English: 10.RV, 10.RI, 10.LU, 10.C, 11.DSR, 11.RV, 11.RI, 11.LU, 11.C, 12.RV, 12.RI, 12.LU, 12.C","Parallel unit — same concept, same lesson, both courses"
PARALLEL_TRANSITIVE,Stage1,Industry / Producer overview,8177-39,8175-47,"English: 10.RV, 10.RI, 10.LU, 10.C, 11.DSR, 11.RV, 11.RI, 11.LU, 11.C, 12.RV, 12.RI, 12.LU, 12.C","Parallel unit — same concept, same lesson, both courses"
PARALLEL_TRANSITIVE,Stage1,Industry / Producer overview,8177-40,8175-44,"English: 10.RV, 10.RI, 10.LU, 10.C, 11.DSR, 11.RV, 11.RI, 11.LU, 11.C, 12.RV, 12.RI, 12.LU, 12.C","Parallel unit — same concept, same lesson, both courses"
PARALLEL_TRANSITIVE,Stage1,Industry / Producer overview,8177-40,8175-45,"English: 10.RV, 10.RI, 10.LU, 10.C, 11.DSR, 11.RV, 11.RI, 11.LU, 11.C, 12.RV, 12.RI, 12.LU, 12.C","Parallel unit — same concept, same lesson, both courses"
PARALLEL_TRANSITIVE,Stage1,Industry / Producer overview,8177-40,8175-46,"English: 10.RV, 10.RI, 10.LU, 10.C, 11.DSR, 11.RV, 11.RI, 11.LU, 11.C, 12.RV, 12.RI, 12.LU, 12.C","Parallel unit — same concept, same lesson, both courses"
PARALLEL_TRANSITIVE,Stage1,Industry / Producer overview,8177-40,8175-47,"English: 10.RV, 10.RI, 10.LU, 10.C, 11.DSR, 11.RV, 11.RI, 11.LU, 11.C, 12.RV, 12.RI, 12.LU, 12.C","Parallel unit — same concept, same lesson, both courses"
PARALLEL_TRANSITIVE,Stage1,Industry / Producer overview,8177-41,8175-44,"English: 10.RV, 10.RI, 10.LU, 10.C, 11.DSR, 11.RV, 11.RI, 11.LU, 11.C, 12.RV, 12.RI, 12.LU, 12.C","Parallel unit — same concept, same lesson, both courses"
PARALLEL_TRANSITIVE,Stage1,Industry / Producer overview,8177-41,8175-45,"English: 10.RV, 10.RI, 10.LU, 10.C, 11.DSR, 11.RV, 11.RI, 11.LU, 11.C, 12.RV, 12.RI, 12.LU, 12.C","Parallel unit — same concept, same lesson, both courses"
PARALLEL_TRANSITIVE,Stage1,Industry / Producer overview,8177-41,8175-46,"English: 10.RV, 10.RI, 10.LU, 10.C, 11.DSR, 11.RV, 11.RI, 11.LU, 11.C, 12.RV, 12.RI, 12.LU, 12.C","Parallel unit — same concept, same lesson, both courses"
PARALLEL_TRANSITIVE,Stage1,Industry / Producer overview,8177-41,8175-47,"English: 10.RV, 10.RI, 10.LU, 10.C, 11.DSR, 11.RV, 11.RI, 11.LU, 11.C, 12.RV, 12.RI, 12.LU, 12.C","Parallel unit — same concept, same lesson, both courses"
PARALLEL_TRANSITIVE,Stage1,Industry / Producer overview,8177-42,8175-44,"English: 10.RV, 10.RI, 10.LU, 10.C, 11.DSR, 11.RV, 11.RI, 11.LU, 11.C, 12.RV, 12.RI, 12.LU, 12.C","Parallel unit — same concept, same lesson, both courses"
PARALLEL_TRANSITIVE,Stage1,Industry / Producer overview,8177-42,8175-45,"English: 10.RV, 10.RI, 10.LU, 10.C, 11.DSR, 11.RV, 11.RI, 11.LU, 11.C, 12.RV, 12.RI, 12.LU, 12.C","Parallel unit — same concept, same lesson, both courses"
PARALLEL_TRANSITIVE,Stage1,Industry / Producer overview,8177-42,8175-46,"English: 10.RV, 10.RI, 10.LU, 10.C, 11.DSR, 11.RV, 11.RI, 11.LU, 11.C, 12.RV, 12.RI, 12.LU, 12.C","Parallel unit — same concept, same lesson, both courses"
PARALLEL_TRANSITIVE,Stage1,Industry / Producer overview,8177-42,8175-47,"English: 10.RV, 10.RI, 10.LU, 10.C, 11.DSR, 11.RV, 11.RI, 11.LU, 11.C, 12.RV, 12.RI, 12.LU, 12.C","Parallel unit — same concept, same lesson, both courses"
PARALLEL_TRANSITIVE,Stage1,Industry / Producer overview,8177-43,8175-44,"English: 10.RV, 10.RI, 10.LU, 10.C, 11.DSR, 11.RV, 11.RI, 11.LU, 11.C, 12.RV, 12.RI, 12.LU, 12.C","Parallel unit — same concept, same lesson, both courses"
PARALLEL_TRANSITIVE,Stage1,Industry / Producer overview,8177-43,8175-45,"English: 10.RV, 10.RI, 10.LU, 10.C, 11.DSR, 11.RV, 11.RI, 11.LU, 11.C, 12.RV, 12.RI, 12.LU, 12.C","Parallel unit — same concept, same lesson, both courses"
PARALLEL_TRANSITIVE,Stage1,Industry / Producer overview,8177-43,8175-46,"English: 10.RV, 10.RI, 10.LU, 10.C, 11.DSR, 11.RV, 11.RI, 11.LU, 11.C, 12.RV, 12.RI, 12.LU, 12.C","Parallel unit — same concept, same lesson, both courses"
PARALLEL_TRANSITIVE,Stage1,Industry / Producer overview,8177-43,8175-47,"English: 10.RV, 10.RI, 10.LU, 10.C, 11.DSR, 11.RV, 11.RI, 11.LU, 11.C, 12.RV, 12.RI, 12.LU, 12.C","Parallel unit — same concept, same lesson, both courses"
PARALLEL_TRANSITIVE,Stage1,Industry / Producer overview,8177-44,8175-44,"English: 10.RV, 10.RI, 10.LU, 10.C, 11.DSR, 11.RV, 11.RI, 11.LU, 11.C, 12.RV, 12.RI, 12.LU, 12.C","Parallel unit — same concept, same lesson, both courses"
PARALLEL_TRANSITIVE,Stage1,Industry / Producer overview,8177-44,8175-45,"English: 10.RV, 10.RI, 10.LU, 10.C, 11.DSR, 11.RV, 11.RI, 11.LU, 11.C, 12.RV, 12.RI, 12.LU, 12.C","Parallel unit — same concept, same lesson, both courses"
PARALLEL_TRANSITIVE,Stage1,Industry / Producer overview,8177-44,8175-46,"English: 10.RV, 10.RI, 10.LU, 10.C, 11.DSR, 11.RV, 11.RI, 11.LU, 11.C, 12.RV, 12.RI, 12.LU, 12.C","Parallel unit — same concept, same lesson, both courses"
PARALLEL_TRANSITIVE,Stage1,Industry / Producer overview,8177-44,8175-47,"English: 10.RV, 10.RI, 10.LU, 10.C, 11.DSR, 11.RV, 11.RI, 11.LU, 11.C, 12.RV, 12.RI, 12.LU, 12.C","Parallel unit — same concept, same lesson, both courses"
PARALLEL_TRANSITIVE,Stage1,Industry / Producer overview,8177-45,8175-44,"English: 10.RV, 10.RI, 10.LU, 10.C, 11.DSR, 11.RV, 11.RI, 11.LU, 11.C, 12.RV, 12.RI, 12.LU, 12.C","Parallel unit — same concept, same lesson, both courses"
PARALLEL_TRANSITIVE,Stage1,Industry / Producer overview,8177-45,8175-45,"English: 10.RV, 10.RI, 10.LU, 10.C, 11.DSR, 11.RV, 11.RI, 11.LU, 11.C, 12.RV, 12.RI, 12.LU, 12.C","Parallel unit — same concept, same lesson, both courses"
PARALLEL_TRANSITIVE,Stage1,Industry / Producer overview,8177-45,8175-46,"English: 10.RV, 10.RI, 10.LU, 10.C, 11.DSR, 11.RV, 11.RI, 11.LU, 11.C, 12.RV, 12.RI, 12.LU, 12.C","Parallel unit — same concept, same lesson, both courses"
PARALLEL_TRANSITIVE,Stage1,Industry / Producer overview,8177-45,8175-47,"English: 10.RV, 10.RI, 10.LU, 10.C, 11.DSR, 11.RV, 11.RI, 11.LU, 11.C, 12.RV, 12.RI, 12.LU, 12.C","Parallel unit — same concept, same lesson, both courses"
PARALLEL_TRANSITIVE,Stage1,Industry / Producer overview,8177-46,8175-44,"English: 10.RV, 10.RI, 10.LU, 10.C, 11.DSR, 11.RV, 11.RI, 11.LU, 11.C, 12.RV, 12.RI, 12.LU, 12.C","Parallel unit — same concept, same lesson, both courses"
PARALLEL_TRANSITIVE,Stage1,Industry / Producer overview,8177-46,8175-45,"English: 10.RV, 10.RI, 10.LU, 10.C, 11.DSR, 11.RV, 11.RI, 11.LU, 11.C, 12.RV, 12.RI, 12.LU, 12.C","Parallel unit — same concept, same lesson, both courses"
PARALLEL_TRANSITIVE,Stage1,Industry / Producer overview,8177-46,8175-46,"English: 10.RV, 10.RI, 10.LU, 10.C, 11.DSR, 11.RV, 11.RI, 11.LU, 11.C, 12.RV, 12.RI, 12.LU, 12.C","Parallel unit — same concept, same lesson, both courses"
PARALLEL_TRANSITIVE,Stage1,Industry / Producer overview,8177-46,8175-47,"English: 10.RV, 10.RI, 10.LU, 10.C, 11.DSR, 11.RV, 11.RI, 11.LU, 11.C, 12.RV, 12.RI, 12.LU, 12.C","Parallel unit — same concept, same lesson, both courses"
PARALLEL_TRANSITIVE,Stage1,Industry / Producer overview,8177-47,8175-44,"English: 10.RV, 10.RI, 10.LU, 10.C, 11.DSR, 11.RV, 11.RI, 11.LU, 11.C, 12.RV, 12.RI, 12.LU, 12.C","Parallel unit — same concept, same lesson, both courses"
PARALLEL_TRANSITIVE,Stage1,Industry / Producer overview,8177-47,8175-45,"English: 10.RV, 10.RI, 10.LU, 10.C, 11.DSR, 11.RV, 11.RI, 11.LU, 11.C, 12.RV, 12.RI, 12.LU, 12.C","Parallel unit — same concept, same lesson, both courses"
PARALLEL_TRANSITIVE,Stage1,Industry / Producer overview,8177-47,8175-46,"English: 10.RV, 10.RI, 10.LU, 10.C, 11.DSR, 11.RV, 11.RI, 11.LU, 11.C, 12.RV, 12.RI, 12.LU, 12.C","Parallel unit — same concept, same lesson, both courses"
PARALLEL_TRANSITIVE,Stage1,Industry / Producer overview,8177-47,8175-47,"English: 10.RV, 10.RI, 10.LU, 10.C, 11.DSR, 11.RV, 11.RI, 11.LU, 11.C, 12.RV, 12.RI, 12.LU, 12.C","Parallel unit — same concept, same lesson, both courses"
PARALLEL_TRANSITIVE,Stage1,Industry / Producer overview,8177-48,8175-44,"English: 10.RV, 10.RI, 10.LU, 10.C, 11.DSR, 11.RV, 11.RI, 11.LU, 11.C, 12.RV, 12.RI, 12.LU, 12.C","Parallel unit — same concept, same lesson, both courses"
PARALLEL_TRANSITIVE,Stage1,Industry / Producer overview,8177-48,8175-45,"English: 10.RV, 10.RI, 10.LU, 10.C, 11.DSR, 11.RV, 11.RI, 11.LU, 11.C, 12.RV, 12.RI, 12.LU, 12.C","Parallel unit — same concept, same lesson, both courses"
PARALLEL_TRANSITIVE,Stage1,Industry / Producer overview,8177-48,8175-46,"English: 10.RV, 10.RI, 10.LU, 10.C, 11.DSR, 11.RV, 11.RI, 11.LU, 11.C, 12.RV, 12.RI, 12.LU, 12.C","Parallel unit — same concept, same lesson, both courses"
PARALLEL_TRANSITIVE,Stage1,Industry / Producer overview,8177-48,8175-47,"English: 10.RV, 10.RI, 10.LU, 10.C, 11.DSR, 11.RV, 11.RI, 11.LU, 11.C, 12.RV, 12.RI, 12.LU, 12.C","Parallel unit — same concept, same lesson, both courses"
PARALLEL_TRANSITIVE,Stage1,Business structure,8177-52,8175-68,"English: 10.RV, 10.RI, 10.C, 11.RV, 11.RI, 11.LU, 11.C, 12.RV, 12.RI, 12.LU, 12.C","Parallel unit — same concept, same lesson, both courses"
PARALLEL_TRANSITIVE,Stage1,Business structure,8177-52,8175-69,"English: 10.RV, 10.RI, 11.DSR, 11.RV, 11.RI, 11.LU, 12.RV, 12.RI, 12.LU","Parallel unit — same concept, same lesson, both courses"
PARALLEL_TRANSITIVE,Stage1,Business structure,8177-53,8175-68,"English: 10.RV, 10.RI, 10.C, 11.RV, 11.RI, 11.LU, 11.C, 12.RV, 12.RI, 12.LU, 12.C","Parallel unit — same concept, same lesson, both courses"
PARALLEL_TRANSITIVE,Stage1,Business structure,8177-53,8175-69,"English: 10.RV, 10.RI, 11.DSR, 11.RV, 11.RI, 11.LU, 12.RV, 12.RI, 12.LU","Parallel unit — same concept, same lesson, both courses"
PARALLEL_TRANSITIVE,Stage2,Product / Branding,8177-63,8175-56,"English: 10.RV, 10.RI, 10.C, 11.RV, 11.RI, 11.LU, 11.C, 12.RV, 12.RI, 12.LU, 12.C","Parallel unit — same concept, same lesson, both courses"
PARALLEL_TRANSITIVE,Stage2,Product / Branding,8177-63,8175-57,"English: 10.RV, 10.RI, 10.C, 11.RV, 11.RI, 11.LU, 11.C, 12.RV, 12.RI, 12.LU, 12.C","Parallel unit — same concept, same lesson, both courses"
PARALLEL_TRANSITIVE,Stage2,Product / Branding,8177-63,8175-58,"English: 10.RV, 10.RI, 10.C, 11.RV, 11.RI, 11.LU, 11.C, 12.RV, 12.RI, 12.LU, 12.C","Parallel unit — same concept, same lesson, both courses"
PARALLEL_TRANSITIVE,Stage2,Product / Branding,8177-63,8175-59,"English: 10.RV, 10.RI, 10.C, 11.RV, 11.RI, 11.LU, 11.C, 12.RV, 12.RI, 12.LU, 12.C","Parallel unit — same concept, same lesson, both courses"
PARALLEL_TRANSITIVE,Stage2,Product / Branding,8177-64,8175-56,"English: 10.RV, 10.RI, 10.C, 11.RV, 11.RI, 11.LU, 11.C, 12.RV, 12.RI, 12.LU, 12.C","Parallel unit — same concept, same lesson, both courses"
PARALLEL_TRANSITIVE,Stage2,Product / Branding,8177-64,8175-57,"English: 10.RV, 10.RI, 10.C, 11.RV, 11.RI, 11.LU, 11.C, 12.RV, 12.RI, 12.LU, 12.C","Parallel unit — same concept, same lesson, both courses"
PARALLEL_TRANSITIVE,Stage2,Product / Branding,8177-64,8175-58,"English: 10.RV, 10.RI, 10.C, 11.RV, 11.RI, 11.LU, 11.C, 12.RV, 12.RI, 12.LU, 12.C","Parallel unit — same concept, same lesson, both courses"
PARALLEL_TRANSITIVE,Stage2,Product / Branding,8177-64,8175-59,"English: 10.RV, 10.RI, 10.C, 11.RV, 11.RI, 11.LU, 11.C, 12.RV, 12.RI, 12.LU, 12.C","Parallel unit — same concept, same lesson, both courses"
PARALLEL_TRANSITIVE,Stage2,Product / Branding,8177-69,8175-56,"English: 10.RV, 10.RI, 10.C, 11.RV, 11.RI, 11.LU, 11.C, 12.RV, 12.RI, 12.LU, 12.C","Parallel unit — same concept, same lesson, both courses"
PARALLEL_TRANSITIVE,Stage2,Product / Branding,8177-69,8175-57,"English: 10.RV, 10.RI, 10.C, 11.RV, 11.RI, 11.LU, 11.C, 12.RV, 12.RI, 12.LU, 12.C","Parallel unit — same concept, same lesson, both courses"
PARALLEL_TRANSITIVE,Stage2,Product / Branding,8177-69,8175-58,"English: 10.RV, 10.RI, 10.C, 11.RV, 11.RI, 11.LU, 11.C, 12.RV, 12.RI, 12.LU, 12.C","Parallel unit — same concept, same lesson, both courses"
PARALLEL_TRANSITIVE,Stage2,Product / Branding,8177-69,8175-59,"English: 10.RV, 10.RI, 10.C, 11.RV, 11.RI, 11.LU, 11.C, 12.RV, 12.RI, 12.LU, 12.C","Parallel unit — same concept, same lesson, both courses"
PARALLEL_TRANSITIVE,Stage2,Product / Branding,8177-70,8175-56,"English: 10.RV, 10.RI, 10.C, 11.RV, 11.RI, 11.LU, 11.C, 12.RV, 12.RI, 12.LU, 12.C","Parallel unit — same concept, same lesson, both courses"
PARALLEL_TRANSITIVE,Stage2,Product / Branding,8177-70,8175-57,"English: 10.RV, 10.RI, 10.C, 11.RV, 11.RI, 11.LU, 11.C, 12.RV, 12.RI, 12.LU, 12.C","Parallel unit — same concept, same lesson, both courses"
PARALLEL_TRANSITIVE,Stage2,Product / Branding,8177-70,8175-58,"English: 10.RV, 10.RI, 10.C, 11.RV, 11.RI, 11.LU, 11.C, 12.RV, 12.RI, 12.LU, 12.C","Parallel unit — same concept, same lesson, both courses"
PARALLEL_TRANSITIVE,Stage2,Product / Branding,8177-70,8175-59,"English: 10.RV, 10.RI, 10.C, 11.RV, 11.RI, 11.LU, 11.C, 12.RV, 12.RI, 12.LU, 12.C","Parallel unit — same concept, same lesson, both courses"
PARALLEL_TRANSITIVE,Stage2,Product / Branding,8177-71,8175-56,"English: 10.RV, 10.RI, 10.C, 11.RV, 11.RI, 11.LU, 11.C, 12.RV, 12.RI, 12.LU, 12.C","Parallel unit — same concept, same lesson, both courses"
PARALLEL_TRANSITIVE,Stage2,Product / Branding,8177-71,8175-57,"English: 10.RV, 10.RI, 10.C, 11.RV, 11.RI, 11.LU, 11.C, 12.RV, 12.RI, 12.LU, 12.C","Parallel unit — same concept, same lesson, both courses"
PARALLEL_TRANSITIVE,Stage2,Product / Branding,8177-71,8175-58,"English: 10.RV, 10.RI, 10.C, 11.RV, 11.RI, 11.LU, 11.C, 12.RV, 12.RI, 12.LU, 12.C","Parallel unit — same concept, same lesson, both courses"
PARALLEL_TRANSITIVE,Stage2,Product / Branding,8177-71,8175-59,"English: 10.RV, 10.RI, 10.C, 11.RV, 11.RI, 11.LU, 11.C, 12.RV, 12.RI, 12.LU, 12.C","Parallel unit — same concept, same lesson, both courses"
PARALLEL_TRANSITIVE,Stage2,Product / Branding,8177-72,8175-56,"English: 10.RV, 10.RI, 10.C, 11.RV, 11.RI, 11.LU, 11.C, 12.RV, 12.RI, 12.LU, 12.C","Parallel unit — same concept, same lesson, both courses"
PARALLEL_TRANSITIVE,Stage2,Product / Branding,8177-72,8175-57,"English: 10.RV, 10.RI, 10.C, 11.RV, 11.RI, 11.LU, 11.C, 12.RV, 12.RI, 12.LU, 12.C","Parallel unit — same concept, same lesson, both courses"
PARALLEL_TRANSITIVE,Stage2,Product / Branding,8177-72,8175-58,"English: 10.RV, 10.RI, 10.C, 11.RV, 11.RI, 11.LU, 11.C, 12.RV, 12.RI, 12.LU, 12.C","Parallel unit — same concept, same lesson, both courses"
PARALLEL_TRANSITIVE,Stage2,Product / Branding,8177-72,8175-59,"English: 10.RV, 10.RI, 10.C, 11.RV, 11.RI, 11.LU, 11.C, 12.RV, 12.RI, 12.LU, 12.C","Parallel unit — same concept, same lesson, both courses"
PARALLEL_TRANSITIVE,Stage2,Product / Branding,8177-73,8175-56,"English: 10.RV, 10.RI, 10.C, 11.RV, 11.RI, 11.LU, 11.C, 12.RV, 12.RI, 12.LU, 12.C","Parallel unit — same concept, same lesson, both courses"
PARALLEL_TRANSITIVE,Stage2,Product / Branding,8177-73,8175-57,"English: 10.RV, 10.RI, 10.C, 11.RV, 11.RI, 11.LU, 11.C, 12.RV, 12.RI, 12.LU, 12.C","Parallel unit — same concept, same lesson, both courses"
PARALLEL_TRANSITIVE,Stage2,Product / Branding,8177-73,8175-58,"English: 10.RV, 10.RI, 10.C, 11.RV, 11.RI, 11.LU, 11.C, 12.RV, 12.RI, 12.LU, 12.C","Parallel unit — same concept, same lesson, both courses"
PARALLEL_TRANSITIVE,Stage2,Product / Branding,8177-73,8175-59,"English: 10.RV, 10.RI, 10.C, 11.RV, 11.RI, 11.LU, 11.C, 12.RV, 12.RI, 12.LU, 12.C","Parallel unit — same concept, same lesson, both courses"
PARALLEL_TRANSITIVE,Stage2,Product / Branding,8177-74,8175-56,"English: 10.RV, 10.RI, 10.C, 11.RV, 11.RI, 11.LU, 11.C, 12.RV, 12.RI, 12.LU, 12.C","Parallel unit — same concept, same lesson, both courses"
PARALLEL_TRANSITIVE,Stage2,Product / Branding,8177-74,8175-57,"English: 10.RV, 10.RI, 10.C, 11.RV, 11.RI, 11.LU, 11.C, 12.RV, 12.RI, 12.LU, 12.C","Parallel unit — same concept, same lesson, both courses"
PARALLEL_TRANSITIVE,Stage2,Product / Branding,8177-74,8175-58,"English: 10.RV, 10.RI, 10.C, 11.RV, 11.RI, 11.LU, 11.C, 12.RV, 12.RI, 12.LU, 12.C","Parallel unit — same concept, same lesson, both courses"
PARALLEL_TRANSITIVE,Stage2,Product / Branding,8177-74,8175-59,"English: 10.RV, 10.RI, 10.C, 11.RV, 11.RI, 11.LU, 11.C, 12.RV, 12.RI, 12.LU, 12.C","Parallel unit — same concept, same lesson, both courses"
PARALLEL_TRANSITIVE,Stage2,Product / Branding,8177-75,8175-56,"English: 10.RV, 10.RI, 10.C, 11.RV, 11.RI, 11.LU, 11.C, 12.RV, 12.RI, 12.LU, 12.C","Parallel unit — same concept, same lesson, both courses"
PARALLEL_TRANSITIVE,Stage2,Product / Branding,8177-75,8175-57,"English: 10.RV, 10.RI, 10.C, 11.RV, 11.RI, 11.LU, 11.C, 12.RV, 12.RI, 12.LU, 12.C","Parallel unit — same concept, same lesson, both courses"
PARALLEL_TRANSITIVE,Stage2,Product / Branding,8177-75,8175-58,"English: 10.RV, 10.RI, 10.C, 11.RV, 11.RI, 11.LU, 11.C, 12.RV, 12.RI, 12.LU, 12.C","Parallel unit — same concept, same lesson, both courses"
PARALLEL_TRANSITIVE,Stage2,Product / Branding,8177-75,8175-59,"English: 10.RV, 10.RI, 10.C, 11.RV, 11.RI, 11.LU, 11.C, 12.RV, 12.RI, 12.LU, 12.C","Parallel unit — same concept, same lesson, both courses"
PARALLEL_TRANSITIVE,Stage2,Product / Branding,8177-76,8175-56,"English: 10.RV, 10.RI, 10.C, 11.RV, 11.RI, 11.LU, 11.C, 12.RV, 12.RI, 12.LU, 12.C","Parallel unit — same concept, same lesson, both courses"
PARALLEL_TRANSITIVE,Stage2,Product / Branding,8177-76,8175-57,"English: 10.RV, 10.RI, 10.C, 11.RV, 11.RI, 11.LU, 11.C, 12.RV, 12.RI, 12.LU, 12.C","Parallel unit — same concept, same lesson, both courses"
PARALLEL_TRANSITIVE,Stage2,Product / Branding,8177-76,8175-58,"English: 10.RV, 10.RI, 10.C, 11.RV, 11.RI, 11.LU, 11.C, 12.RV, 12.RI, 12.LU, 12.C","Parallel unit — same concept, same lesson, both courses"
PARALLEL_TRANSITIVE,Stage2,Product / Branding,8177-76,8175-59,"English: 10.RV, 10.RI, 10.C, 11.RV, 11.RI, 11.LU, 11.C, 12.RV, 12.RI, 12.LU, 12.C","Parallel unit — same concept, same lesson, both courses"
PARALLEL_TRANSITIVE,Stage3,Market economics,8177-49,8175-98,"English: 10.RV, 10.RI, 10.C, 11.RV, 11.RI, 11.LU, 11.C, 12.RV, 12.RI, 12.LU, 12.C","Parallel unit — same concept, same lesson, both courses"
PARALLEL_TRANSITIVE,Stage3,Market economics,8177-49,8175-99,"English: 10.RV, 10.RI, 10.C, 11.RV, 11.RI, 11.LU, 11.C, 12.RV, 12.RI, 12.LU, 12.C","Parallel unit — same concept, same lesson, both courses"
PARALLEL_TRANSITIVE,Stage3,Market economics,8177-49,8175-100,"English: 10.RV, 10.RI, 10.C, 11.RV, 11.RI, 11.LU, 11.C, 12.RV, 12.RI, 12.LU, 12.C","Parallel unit — same concept, same lesson, both courses"
PARALLEL_TRANSITIVE,Stage3,Market economics,8177-49,8175-101,"English: 10.RV, 10.RI, 10.C, 11.RV, 11.RI, 11.LU, 11.C, 12.RV, 12.RI, 12.LU, 12.C","Parallel unit — same concept, same lesson, both courses"
PARALLEL_TRANSITIVE,Stage3,Market economics,8177-50,8175-98,"English: 10.RV, 10.RI, 10.C, 11.RV, 11.RI, 11.LU, 11.C, 12.RV, 12.RI, 12.LU, 12.C","Parallel unit — same concept, same lesson, both courses"
PARALLEL_TRANSITIVE,Stage3,Market economics,8177-50,8175-99,"English: 10.RV, 10.RI, 10.C, 11.RV, 11.RI, 11.LU, 11.C, 12.RV, 12.RI, 12.LU, 12.C","Parallel unit — same concept, same lesson, both courses"
PARALLEL_TRANSITIVE,Stage3,Market economics,8177-50,8175-100,"English: 10.RV, 10.RI, 10.C, 11.RV, 11.RI, 11.LU, 11.C, 12.RV, 12.RI, 12.LU, 12.C","Parallel unit — same concept, same lesson, both courses"
PARALLEL_TRANSITIVE,Stage3,Market economics,8177-50,8175-101,"English: 10.RV, 10.RI, 10.C, 11.RV, 11.RI, 11.LU, 11.C, 12.RV, 12.RI, 12.LU, 12.C","Parallel unit — same concept, same lesson, both courses"
PARALLEL_TRANSITIVE,Stage3,Market economics,8177-51,8175-98,"English: 10.RV, 10.RI, 10.C, 11.RV, 11.RI, 11.LU, 11.C, 12.RV, 12.RI, 12.LU, 12.C","Parallel unit — same concept, same lesson, both courses"
PARALLEL_TRANSITIVE,Stage3,Market economics,8177-51,8175-99,"English: 10.RV, 10.RI, 10.C, 11.RV, 11.RI, 11.LU, 11.C, 12.RV, 12.RI, 12.LU, 12.C","Parallel unit — same concept, same lesson, both courses"
PARALLEL_TRANSITIVE,Stage3,Market economics,8177-51,8175-100,"English: 10.RV, 10.RI, 10.C, 11.RV, 11.RI, 11.LU, 11.C, 12.RV, 12.RI, 12.LU, 12.C","Parallel unit — same concept, same lesson, both courses"
PARALLEL_TRANSITIVE,Stage3,Market economics,8177-51,8175-101,"English: 10.RV, 10.RI, 10.C, 11.RV, 11.RI, 11.LU, 11.C, 12.RV, 12.RI, 12.LU, 12.C","Parallel unit — same concept, same lesson, both courses"
PARALLEL_TRANSITIVE,Stage5,Rules / Legal / Ethics,8177-63,8175-51,"English: 10.RV, 10.RI, 11.DSR, 11.RV, 11.RI, 12.RV, 12.RI","Parallel unit — same concept, same lesson, both courses"
PARALLEL_TRANSITIVE,Stage5,Rules / Legal / Ethics,8177-63,8175-86,"English: 10.RV, 10.RI, 10.C, 11.DSR, 11.RV, 11.RI, 11.LU, 11.C, 12.RV, 12.RI, 12.LU, 12.C","Parallel unit — same concept, same lesson, both courses"
PARALLEL_TRANSITIVE,Stage5,Rules / Legal / Ethics,8177-64,8175-51,"English: 10.RV, 10.RI, 11.DSR, 11.RV, 11.RI, 12.RV, 12.RI","Parallel unit — same concept, same lesson, both courses"
PARALLEL_TRANSITIVE,Stage5,Rules / Legal / Ethics,8177-64,8175-86,"English: 10.RV, 10.RI, 10.C, 11.DSR, 11.RV, 11.RI, 11.LU, 11.C, 12.RV, 12.RI, 12.LU, 12.C","Parallel unit — same concept, same lesson, both courses"
PARALLEL_TRANSITIVE,Stage5,Rules / Legal / Ethics,8177-65,8175-51,"English: 10.RV, 10.RI, 11.DSR, 11.RV, 11.RI, 12.RV, 12.RI","Parallel unit — same concept, same lesson, both courses"
PARALLEL_TRANSITIVE,Stage5,Rules / Legal / Ethics,8177-65,8175-86,"English: 10.RV, 10.RI, 10.C, 11.DSR, 11.RV, 11.RI, 11.LU, 11.C, 12.RV, 12.RI, 12.LU, 12.C","Parallel unit — same concept, same lesson, both courses"
PARALLEL_TRANSITIVE,Stage5,Rules / Legal / Ethics,8177-66,8175-51,"English: 10.RV, 10.RI, 11.DSR, 11.RV, 11.RI, 12.RV, 12.RI","Parallel unit — same concept, same lesson, both courses"
PARALLEL_TRANSITIVE,Stage5,Rules / Legal / Ethics,8177-66,8175-86,"English: 10.RV, 10.RI, 10.C, 11.DSR, 11.RV, 11.RI, 11.LU, 11.C, 12.RV, 12.RI, 12.LU, 12.C","Parallel unit — same concept, same lesson, both courses"
PARALLEL_TRANSITIVE,Stage5,Customer service,8177-58,8175-52,"English: 10.RI, 11.RV, 11.RI, 11.C, 12.RV, 12.RI, 12.C","Parallel unit — same concept, same lesson, both courses"
PARALLEL_TRANSITIVE,Stage5,Customer service,8177-58,8175-53,"English: 10.RV, 10.RI, 11.DSR, 11.RV, 11.RI, 11.LU, 12.RV, 12.RI, 12.LU","Parallel unit — same concept, same lesson, both courses"
PARALLEL_TRANSITIVE,Stage5,Customer service,8177-58,8175-54,"English: 10.RV, 11.DSR, 11.RV, 11.LU, 12.RV, 12.LU","Parallel unit — same concept, same lesson, both courses"
PARALLEL_TRANSITIVE,Stage5,Customer service,8177-58,8175-55,"English: 10.RV, 10.RI, 10.C, 11.RV, 11.RI, 11.LU, 11.C, 12.RV, 12.RI, 12.LU, 12.C","Parallel unit — same concept, same lesson, both courses"
PARALLEL_TRANSITIVE,Stage5,Customer service,8177-59,8175-52,"English: 10.RI, 11.RV, 11.RI, 11.C, 12.RV, 12.RI, 12.C","Parallel unit — same concept, same lesson, both courses"
PARALLEL_TRANSITIVE,Stage5,Customer service,8177-59,8175-53,"English: 10.RV, 10.RI, 11.DSR, 11.RV, 11.RI, 11.LU, 12.RV, 12.RI, 12.LU","Parallel unit — same concept, same lesson, both courses"
PARALLEL_TRANSITIVE,Stage5,Customer service,8177-59,8175-54,"English: 10.RV, 11.DSR, 11.RV, 11.LU, 12.RV, 12.LU","Parallel unit — same concept, same lesson, both courses"
PARALLEL_TRANSITIVE,Stage5,Customer service,8177-59,8175-55,"English: 10.RV, 10.RI, 10.C, 11.RV, 11.RI, 11.LU, 11.C, 12.RV, 12.RI, 12.LU, 12.C","Parallel unit — same concept, same lesson, both courses"
PARALLEL_TRANSITIVE,Stage5,Customer service,8177-60,8175-52,"English: 10.RI, 11.RV, 11.RI, 11.C, 12.RV, 12.RI, 12.C","Parallel unit — same concept, same lesson, both courses"
PARALLEL_TRANSITIVE,Stage5,Customer service,8177-60,8175-53,"English: 10.RV, 10.RI, 11.DSR, 11.RV, 11.RI, 11.LU, 12.RV, 12.RI, 12.LU","Parallel unit — same concept, same lesson, both courses"
PARALLEL_TRANSITIVE,Stage5,Customer service,8177-60,8175-54,"English: 10.RV, 11.DSR, 11.RV, 11.LU, 12.RV, 12.LU","Parallel unit — same concept, same lesson, both courses"
PARALLEL_TRANSITIVE,Stage5,Customer service,8177-60,8175-55,"English: 10.RV, 10.RI, 10.C, 11.RV, 11.RI, 11.LU, 11.C, 12.RV, 12.RI, 12.LU, 12.C","Parallel unit — same concept, same lesson, both courses"
PARALLEL_TRANSITIVE,Stage5,Customer service,8177-61,8175-52,"English: 10.RI, 11.RV, 11.RI, 11.C, 12.RV, 12.RI, 12.C","Parallel unit — same concept, same lesson, both courses"
PARALLEL_TRANSITIVE,Stage5,Customer service,8177-61,8175-53,"English: 10.RV, 10.RI, 11.DSR, 11.RV, 11.RI, 11.LU, 12.RV, 12.RI, 12.LU","Parallel unit — same concept, same lesson, both courses"
PARALLEL_TRANSITIVE,Stage5,Customer service,8177-61,8175-54,"English: 10.RV, 11.DSR, 11.RV, 11.LU, 12.RV, 12.LU","Parallel unit — same concept, same lesson, both courses"
PARALLEL_TRANSITIVE,Stage5,Customer service,8177-61,8175-55,"English: 10.RV, 10.RI, 10.C, 11.RV, 11.RI, 11.LU, 11.C, 12.RV, 12.RI, 12.LU, 12.C","Parallel unit — same concept, same lesson, both courses"
PARALLEL_TRANSITIVE,Stage5,Customer service,8177-62,8175-52,"English: 10.RI, 11.RV, 11.RI, 11.C, 12.RV, 12.RI, 12.C","Parallel unit — same concept, same lesson, both courses"
PARALLEL_TRANSITIVE,Stage5,Customer service,8177-62,8175-53,"English: 10.RV, 10.RI, 11.DSR, 11.RV, 11.RI, 11.LU, 12.RV, 12.RI, 12.LU","Parallel unit — same concept, same lesson, both courses"
PARALLEL_TRANSITIVE,Stage5,Customer service,8177-62,8175-54,"English: 10.RV, 11.DSR, 11.RV, 11.LU, 12.RV, 12.LU","Parallel unit — same concept, same lesson, both courses"
PARALLEL_TRANSITIVE,Stage5,Customer service,8177-62,8175-55,"English: 10.RV, 10.RI, 10.C, 11.RV, 11.RI, 11.LU, 11.C, 12.RV, 12.RI, 12.LU, 12.C","Parallel unit — same concept, same lesson, both courses"
PARALLEL_TRANSITIVE,Stage8,Strategy / Marketing plan synthesis,8177-97,8175-102,"English: 10.RV, 10.RI, 10.C, 11.DSR, 11.RV, 11.RI, 11.LU, 11.C, 12.RV, 12.RI, 12.LU, 12.C","Parallel unit — same concept, same lesson, both courses"
PARALLEL_TRANSITIVE,Stage8,Strategy / Marketing plan synthesis,8177-97,8175-103,"English: 10.RV, 10.RI, 10.C, 11.RV, 11.RI, 11.LU, 11.C, 12.RV, 12.RI, 12.LU, 12.C","Parallel unit — same concept, same lesson, both courses"
PARALLEL_TRANSITIVE,Stage8,Strategy / Marketing plan synthesis,8177-97,8175-104,"English: 10.RV, 10.RI, 10.C, 11.RV, 11.RI, 11.LU, 11.C, 12.RV, 12.RI, 12.LU, 12.C","Parallel unit — same concept, same lesson, both courses"
PARALLEL_TRANSITIVE,Stage8,Strategy / Marketing plan synthesis,8177-97,8175-105,"English: 10.RV, 10.RI, 10.C, 11.RV, 11.RI, 11.C, 12.RV, 12.RI, 12.C","Parallel unit — same concept, same lesson, both courses"
