competency_id,competency_text,subject,grade_band,strand,teacher_email,active
8177-1,Demonstrate creativity and innovation.,Sports Entertainment and Event Management,9-12,Demonstrating Personal Qualities and Abilities,,TRUE
8177-2,Demonstrate critical thinking and problem  solving.,Sports Entertainment and Event Management,9-12,Demonstrating Personal Qualities and Abilities,,TRUE
8177-3,Demonstrate initiative and self-direction.,Sports Entertainment and Event Management,9-12,Demonstrating Personal Qualities and Abilities,,TRUE
8177-4,Demonstrate integrity.,Sports Entertainment and Event Management,9-12,Demonstrating Personal Qualities and Abilities,,TRUE
8177-5,Demonstrate work ethic.,Sports Entertainment and Event Management,9-12,Demonstrating Personal Qualities and Abilities,,TRUE
8177-6,Demonstrate conflict-resolution skills.,Sports Entertainment and Event Management,9-12,Demonstrating Interpersonal Skills,,TRUE
8177-7,Demonstrate listening and speaking skills.,Sports Entertainment and Event Management,9-12,Demonstrating Interpersonal Skills,,TRUE
8177-8,Demonstrate respect for diversity.,Sports Entertainment and Event Management,9-12,Demonstrating Interpersonal Skills,,TRUE
8177-9,Demonstrate customer service skills.,Sports Entertainment and Event Management,9-12,Demonstrating Interpersonal Skills,,TRUE
8177-10,Collaborate with team members.,Sports Entertainment and Event Management,9-12,Demonstrating Interpersonal Skills,,TRUE
8177-11,Demonstrate big-picture thinking.,Sports Entertainment and Event Management,9-12,Demonstrating Professional Competencies,,TRUE
8177-12,Demonstrate career- and life-management skills.,Sports Entertainment and Event Management,9-12,Demonstrating Professional Competencies,,TRUE
8177-13,Demonstrate continuous learning and adaptability.,Sports Entertainment and Event Management,9-12,Demonstrating Professional Competencies,,TRUE
8177-14,Manage time and resources.,Sports Entertainment and Event Management,9-12,Demonstrating Professional Competencies,,TRUE
8177-15,Demonstrate information-literacy skills.,Sports Entertainment and Event Management,9-12,Demonstrating Professional Competencies,,TRUE
8177-16,Demonstrate an understanding of information security.,Sports Entertainment and Event Management,9-12,Demonstrating Professional Competencies,,TRUE
8177-17,Maintain working knowledge of current information-technology (IT) systems.,Sports Entertainment and Event Management,9-12,Demonstrating Professional Competencies,,TRUE
8177-18,"Demonstrate proficiency with technologies, tools, and machines common to a specific occupation.",Sports Entertainment and Event Management,9-12,Demonstrating Professional Competencies,,TRUE
8177-19,Apply mathematical skills to job-specific tasks.,Sports Entertainment and Event Management,9-12,Demonstrating Professional Competencies,,TRUE
8177-20,Demonstrate professionalism.,Sports Entertainment and Event Management,9-12,Demonstrating Professional Competencies,,TRUE
8177-21,Demonstrate reading and writing skills.,Sports Entertainment and Event Management,9-12,Demonstrating Professional Competencies,,TRUE
8177-22,Demonstrate workplace safety.,Sports Entertainment and Event Management,9-12,Demonstrating Professional Competencies,,TRUE
8177-23,Examine aspects of planning within an industry/organization.,Sports Entertainment and Event Management,9-12,Examining All Aspects of an Industry,,TRUE
8177-24,Examine aspects of management within an industry/organization.,Sports Entertainment and Event Management,9-12,Examining All Aspects of an Industry,,TRUE
8177-25,Examine aspects of financial responsibility within an industry/organization.,Sports Entertainment and Event Management,9-12,Examining All Aspects of an Industry,,TRUE
8177-26,Examine technical and production skills required of workers within an industry/organization.,Sports Entertainment and Event Management,9-12,Examining All Aspects of an Industry,,TRUE
8177-27,Examine principles of technology that underlie an industry/organization.,Sports Entertainment and Event Management,9-12,Examining All Aspects of an Industry,,TRUE
8177-28,Examine labor issues related to an industry/organization.,Sports Entertainment and Event Management,9-12,Examining All Aspects of an Industry,,TRUE
8177-29,Examine community issues related to an industry/organization.,Sports Entertainment and Event Management,9-12,Examining All Aspects of an Industry,,TRUE
8177-30,"Examine health, safety, and environmental issues related to an industry/organization.",Sports Entertainment and Event Management,9-12,Examining All Aspects of an Industry,,TRUE
8177-31,Identify the purposes and goals of the student organization.,Sports Entertainment and Event Management,9-12,Addressing Elements of Student Life,,TRUE
8177-32,Explain the benefits and responsibilities of membership in the student organization as a student and in professional/civic organizations as an adult.,Sports Entertainment and Event Management,9-12,Addressing Elements of Student Life,,TRUE
8177-33,"Demonstrate leadership skills through participation in student organization activities, such as meetings, programs, and projects.",Sports Entertainment and Event Management,9-12,Addressing Elements of Student Life,,TRUE
8177-34,Identify Internet safety issues and procedures for complying with acceptable use standards.,Sports Entertainment and Event Management,9-12,Addressing Elements of Student Life,,TRUE
8177-35,Identify the types of work-based learning (WBL) opportunities.,Sports Entertainment and Event Management,9-12,Exploring Work-Based Learning,,TRUE
8177-36,Reflect on lessons learned during the WBL experience.,Sports Entertainment and Event Management,9-12,Exploring Work-Based Learning,,TRUE
8177-37,Explore career opportunities related to the WBL experience.,Sports Entertainment and Event Management,9-12,Exploring Work-Based Learning,,TRUE
8177-38,"Participate in a WBL experience, when appropriate.",Sports Entertainment and Event Management,9-12,Exploring Work-Based Learning,,TRUE
8177-39,"Define the role of the sports, entertainment, and event manager.",Sports Entertainment and Event Management,9-12,"Exploring Sports, Entertainment, and Event Management",,TRUE
8177-40,"Examine the traits and skills that successful sports, entertainment, and event managers possess.",Sports Entertainment and Event Management,9-12,"Exploring Sports, Entertainment, and Event Management",,TRUE
8177-41,"Identify functions sports, entertainment, and event managers must perform to have success with consumers, partners, and employees.",Sports Entertainment and Event Management,9-12,"Exploring Sports, Entertainment, and Event Management",,TRUE
8177-42,"Evaluate the sports, entertainment, and event manager’s role in decision-making for campaigns, employees, and partners.",Sports Entertainment and Event Management,9-12,"Exploring Sports, Entertainment, and Event Management",,TRUE
8177-43,"Evaluate career opportunities in sports, entertainment, and event management.",Sports Entertainment and Event Management,9-12,"Exploring Sports, Entertainment, and Event Management",,TRUE
8177-44,"Document the different roles in sports, entertainment, and event management using an organizational chart.",Sports Entertainment and Event Management,9-12,"Exploring Sports, Entertainment, and Event Management",,TRUE
8177-45,"Explain facilities management as it relates to the sports, entertainment, and event industries.",Sports Entertainment and Event Management,9-12,"Exploring Sports, Entertainment, and Event Management",,TRUE
8177-46,"Explain on-site revenue streams as they relate to sports, entertainment, and event facilities.",Sports Entertainment and Event Management,9-12,"Exploring Sports, Entertainment, and Event Management",,TRUE
8177-47,"Identify how e-commerce and digital transactions affect sports, entertainment, and event businesses.",Sports Entertainment and Event Management,9-12,"Exploring Sports, Entertainment, and Event Management",,TRUE
8177-48,"Analyze the effect of niche or emerging events in the sports, entertainment, and event industries.",Sports Entertainment and Event Management,9-12,"Exploring Sports, Entertainment, and Event Management",,TRUE
8177-49,"Analyze key U.S. economic indicators and their effects on the sports, entertainment, and event industries.",Sports Entertainment and Event Management,9-12,"Describing the Economics of the Sports, Entertainment, and Event Industries",,TRUE
8177-50,"Examine how sports, entertainment, and events affect local, state, and national economies.",Sports Entertainment and Event Management,9-12,"Describing the Economics of the Sports, Entertainment, and Event Industries",,TRUE
8177-51,"Identify cultural and political environmental factors and their economic impact on the global sports, entertainment, and event industries.",Sports Entertainment and Event Management,9-12,"Describing the Economics of the Sports, Entertainment, and Event Industries",,TRUE
8177-52,"Explore the organizational structures within the sports, entertainment, and event industries.",Sports Entertainment and Event Management,9-12,"Explaining the Structure of Sports, Entertainment, and Event Businesses",,TRUE
8177-53,Explain the advantages and disadvantages of operating as a for-profit or nonprofit organization.,Sports Entertainment and Event Management,9-12,"Explaining the Structure of Sports, Entertainment, and Event Businesses",,TRUE
8177-54,"Identify entrepreneurship opportunities related to sports, entertainment, and event management.",Sports Entertainment and Event Management,9-12,"Exploring Entrepreneurship in Sports, Entertainment, and Event Management",,TRUE
8177-55,Describe the entrepreneurial mindset.,Sports Entertainment and Event Management,9-12,"Exploring Entrepreneurship in Sports, Entertainment, and Event Management",,TRUE
8177-56,"Identify the steps involved in starting a new business, using the Business Model Canvas (BMC).",Sports Entertainment and Event Management,9-12,"Exploring Entrepreneurship in Sports, Entertainment, and Event Management",,TRUE
8177-57,"Describe how small businesses drive job creation, income generation, and economic growth.",Sports Entertainment and Event Management,9-12,"Exploring Entrepreneurship in Sports, Entertainment, and Event Management",,TRUE
8177-58,Demonstrate customer-service techniques.,Sports Entertainment and Event Management,9-12,Developing Customer Service Skills,,TRUE
8177-59,Describe methods used to encourage customer retention.,Sports Entertainment and Event Management,9-12,Developing Customer Service Skills,,TRUE
8177-60,"Respond to inquiries and suggestions from customers, coworkers, and supervisors in a sports, entertainment, and event context.",Sports Entertainment and Event Management,9-12,Developing Customer Service Skills,,TRUE
8177-61,"Explain company policy to a customer in a sports, entertainment, and event context.",Sports Entertainment and Event Management,9-12,Developing Customer Service Skills,,TRUE
8177-62,Explain the importance of constructive feedback in personal and professional growth.,Sports Entertainment and Event Management,9-12,Developing Customer Service Skills,,TRUE
8177-63,"Identify ethical issues related to the sports, entertainment, and event industries.",Sports Entertainment and Event Management,9-12,"Exploring Ethical Issues in the Sports, Entertainment, and Event Industries",,TRUE
8177-64,"Investigate how social and environmental concerns affect decisions in the sports, entertainment, and event industries.",Sports Entertainment and Event Management,9-12,"Exploring Ethical Issues in the Sports, Entertainment, and Event Industries",,TRUE
8177-65,Examine the effect of media bias on public perception and opinion.,Sports Entertainment and Event Management,9-12,"Exploring Ethical Issues in the Sports, Entertainment, and Event Industries",,TRUE
8177-66,"Describe the value of the sports, entertainment, and event industries to the community.",Sports Entertainment and Event Management,9-12,"Exploring Ethical Issues in the Sports, Entertainment, and Event Industries",,TRUE
8177-67,"Examine the importance of risk assessment and management strategies in the sports, entertainment, and event industries.",Sports Entertainment and Event Management,9-12,"Exploring the Legal Aspects of Sports, Entertainment, and Event Industries",,TRUE
8177-68,"Examine the challenges posed by uncontrollable variables in the sports, entertainment, and event industries.",Sports Entertainment and Event Management,9-12,"Exploring the Legal Aspects of Sports, Entertainment, and Event Industries",,TRUE
8177-69,"Identify purposes, types, and terms of contracts.",Sports Entertainment and Event Management,9-12,"Exploring the Legal Aspects of Sports, Entertainment, and Event Industries",,TRUE
8177-70,"Examine the role of labor and antitrust law in the sports, entertainment, and event industries.",Sports Entertainment and Event Management,9-12,"Exploring the Legal Aspects of Sports, Entertainment, and Event Industries",,TRUE
8177-71,"Identify unions relevant to labor relations in the sports, entertainment, and event industries.",Sports Entertainment and Event Management,9-12,"Exploring the Legal Aspects of Sports, Entertainment, and Event Industries",,TRUE
8177-72,Explain how the Americans with Disabilities Act (ADA) has influenced the planning of events and design of facilities.,Sports Entertainment and Event Management,9-12,"Exploring the Legal Aspects of Sports, Entertainment, and Event Industries",,TRUE
8177-73,"Explain how legal requirements influence operations in the sports, entertainment, and event industries.",Sports Entertainment and Event Management,9-12,"Exploring the Legal Aspects of Sports, Entertainment, and Event Industries",,TRUE
8177-74,"Describe external factors affecting the sports, entertainment, and event marketing process.",Sports Entertainment and Event Management,9-12,"Exploring the Legal Aspects of Sports, Entertainment, and Event Industries",,TRUE
8177-75,"Describe the effects of national, state, and local laws and regulations on the sports, entertainment, and event industries.",Sports Entertainment and Event Management,9-12,"Exploring the Legal Aspects of Sports, Entertainment, and Event Industries",,TRUE
8177-76,Identify the purposes of licensing.,Sports Entertainment and Event Management,9-12,"Exploring the Legal Aspects of Sports, Entertainment, and Event Industries",,TRUE
8177-77,"Explain market research and its use in the sports, entertainment, and event industries.",Sports Entertainment and Event Management,9-12,Understanding Market Research,,TRUE
8177-78,Explain the need for market research for all functions of marketing.,Sports Entertainment and Event Management,9-12,Understanding Market Research,,TRUE
8177-79,"Identify sources of data for market research in the sports, entertainment, and event industries.",Sports Entertainment and Event Management,9-12,Understanding Market Research,,TRUE
8177-80,"Describe external factors affecting the sports, entertainment, and event marketing process.",Sports Entertainment and Event Management,9-12,Understanding Market Research,,TRUE
8177-81,Develop a market segmentation analysis.,Sports Entertainment and Event Management,9-12,Understanding Market Research,,TRUE
8177-82,Describe the steps in developing a market research project.,Sports Entertainment and Event Management,9-12,Understanding Market Research,,TRUE
8177-83,Develop a market research project.,Sports Entertainment and Event Management,9-12,Understanding Market Research,,TRUE
8177-84,Evaluate the results of a market research project.,Sports Entertainment and Event Management,9-12,Understanding Market Research,,TRUE
8177-85,Identify the components of a budget.,Sports Entertainment and Event Management,9-12,Exploring Revenues and Expenditures,,TRUE
8177-86,"Identify revenue sources related to the sports, entertainment, and event industries.",Sports Entertainment and Event Management,9-12,Exploring Revenues and Expenditures,,TRUE
8177-87,"Identify expenditures related to the sports, entertainment, and event industries.",Sports Entertainment and Event Management,9-12,Exploring Revenues and Expenditures,,TRUE
8177-88,Analyze financial statements.,Sports Entertainment and Event Management,9-12,Exploring Revenues and Expenditures,,TRUE
8177-89,"Explain the importance and types of indoor and outdoor security (i.e., life and property safety).",Sports Entertainment and Event Management,9-12,Managing Safety and Security,,TRUE
8177-90,Explain the security needs of a venue and/or event.,Sports Entertainment and Event Management,9-12,Managing Safety and Security,,TRUE
8177-91,Explain the use of emergency preparedness plans to address threats to a venue and/or event.,Sports Entertainment and Event Management,9-12,Managing Safety and Security,,TRUE
8177-92,Explain the process for planning an event.,Sports Entertainment and Event Management,9-12,Understanding Event Management,,TRUE
8177-93,"Describe factors that motivate consumers to attend sports, entertainment, and event occasions.",Sports Entertainment and Event Management,9-12,Understanding Event Management,,TRUE
8177-94,Explain how event popularity and competitive factors relate to attendance.,Sports Entertainment and Event Management,9-12,Understanding Event Management,,TRUE
8177-95,Analyze personnel needs for an event.,Sports Entertainment and Event Management,9-12,Understanding Event Management,,TRUE
8177-96,Analyze the financial resources required for each event activity.,Sports Entertainment and Event Management,9-12,Understanding Event Management,,TRUE
8177-97,Develop a marketing plan for an event.,Sports Entertainment and Event Management,9-12,Understanding Event Management,,TRUE
8177-98,Develop a budget for an event.,Sports Entertainment and Event Management,9-12,Understanding Event Management,,TRUE
8177-99,Develop follow-up activities to recognize and thank participants after an event.,Sports Entertainment and Event Management,9-12,Understanding Event Management,,TRUE
8177-100,"Manage a sports, entertainment, and event occasion.",Sports Entertainment and Event Management,9-12,Understanding Event Management,,TRUE
8177-101,Evaluate the event’s overall success.,Sports Entertainment and Event Management,9-12,Understanding Event Management,,TRUE
8177-102,Identify career and employment-related information sources.,Sports Entertainment and Event Management,9-12,Developing Career Goals,,TRUE
8177-103,"Identify career opportunities at different levels in sports, entertainment, and event management.",Sports Entertainment and Event Management,9-12,Developing Career Goals,,TRUE
8177-104,"Describe education and training needed for a sports, entertainment, and event management career.",Sports Entertainment and Event Management,9-12,Developing Career Goals,,TRUE
8177-105,Identify barriers to employment and strategies to overcome them.,Sports Entertainment and Event Management,9-12,Developing Career Goals,,TRUE
8177-106,"Identify professional development opportunities in the sports, entertainment, and event industries.",Sports Entertainment and Event Management,9-12,Developing Career Goals,,TRUE
8177-107,Collect information about a prospective employer.,Sports Entertainment and Event Management,9-12,Developing Career Goals,,TRUE
8177-108,Develop a career plan.,Sports Entertainment and Event Management,9-12,Developing Career Goals,,TRUE
8175-1,Demonstrate creativity and innovation.,Sports Entertainment and Event Marketing,9-12,Demonstrating Personal Qualities and Abilities,,TRUE
8175-2,Demonstrate critical thinking and problem  solving.,Sports Entertainment and Event Marketing,9-12,Demonstrating Personal Qualities and Abilities,,TRUE
8175-3,Demonstrate initiative and self-direction.,Sports Entertainment and Event Marketing,9-12,Demonstrating Personal Qualities and Abilities,,TRUE
8175-4,Demonstrate integrity.,Sports Entertainment and Event Marketing,9-12,Demonstrating Personal Qualities and Abilities,,TRUE
8175-5,Demonstrate work ethic.,Sports Entertainment and Event Marketing,9-12,Demonstrating Personal Qualities and Abilities,,TRUE
8175-6,Demonstrate conflict-resolution skills.,Sports Entertainment and Event Marketing,9-12,Demonstrating Interpersonal Skills,,TRUE
8175-7,Demonstrate listening and speaking skills.,Sports Entertainment and Event Marketing,9-12,Demonstrating Interpersonal Skills,,TRUE
8175-8,Demonstrate respect for diversity.,Sports Entertainment and Event Marketing,9-12,Demonstrating Interpersonal Skills,,TRUE
8175-9,Demonstrate customer service skills.,Sports Entertainment and Event Marketing,9-12,Demonstrating Interpersonal Skills,,TRUE
8175-10,Collaborate with team members.,Sports Entertainment and Event Marketing,9-12,Demonstrating Interpersonal Skills,,TRUE
8175-11,Demonstrate big-picture thinking.,Sports Entertainment and Event Marketing,9-12,Demonstrating Professional Competencies,,TRUE
8175-12,Demonstrate career- and life-management skills.,Sports Entertainment and Event Marketing,9-12,Demonstrating Professional Competencies,,TRUE
8175-13,Demonstrate continuous learning and adaptability.,Sports Entertainment and Event Marketing,9-12,Demonstrating Professional Competencies,,TRUE
8175-14,Manage time and resources.,Sports Entertainment and Event Marketing,9-12,Demonstrating Professional Competencies,,TRUE
8175-15,Demonstrate information-literacy skills.,Sports Entertainment and Event Marketing,9-12,Demonstrating Professional Competencies,,TRUE
8175-16,Demonstrate an understanding of information security.,Sports Entertainment and Event Marketing,9-12,Demonstrating Professional Competencies,,TRUE
8175-17,Maintain working knowledge of current information-technology (IT) systems.,Sports Entertainment and Event Marketing,9-12,Demonstrating Professional Competencies,,TRUE
8175-18,"Demonstrate proficiency with technologies, tools, and machines common to a specific occupation.",Sports Entertainment and Event Marketing,9-12,Demonstrating Professional Competencies,,TRUE
8175-19,Apply mathematical skills to job-specific tasks.,Sports Entertainment and Event Marketing,9-12,Demonstrating Professional Competencies,,TRUE
8175-20,Demonstrate professionalism.,Sports Entertainment and Event Marketing,9-12,Demonstrating Professional Competencies,,TRUE
8175-21,Demonstrate reading and writing skills.,Sports Entertainment and Event Marketing,9-12,Demonstrating Professional Competencies,,TRUE
8175-22,Demonstrate workplace safety.,Sports Entertainment and Event Marketing,9-12,Demonstrating Professional Competencies,,TRUE
8175-23,Examine aspects of planning within an industry/organization.,Sports Entertainment and Event Marketing,9-12,Examining All Aspects of an Industry,,TRUE
8175-24,Examine aspects of management within an industry/organization.,Sports Entertainment and Event Marketing,9-12,Examining All Aspects of an Industry,,TRUE
8175-25,Examine aspects of financial responsibility within an industry/organization.,Sports Entertainment and Event Marketing,9-12,Examining All Aspects of an Industry,,TRUE
8175-26,Examine technical and production skills required of workers within an industry/organization.,Sports Entertainment and Event Marketing,9-12,Examining All Aspects of an Industry,,TRUE
8175-27,Examine principles of technology that underlie an industry/organization.,Sports Entertainment and Event Marketing,9-12,Examining All Aspects of an Industry,,TRUE
8175-28,Examine labor issues related to an industry/organization.,Sports Entertainment and Event Marketing,9-12,Examining All Aspects of an Industry,,TRUE
8175-29,Examine community issues related to an industry/organization.,Sports Entertainment and Event Marketing,9-12,Examining All Aspects of an Industry,,TRUE
8175-30,"Examine health, safety, and environmental issues related to an industry/organization.",Sports Entertainment and Event Marketing,9-12,Examining All Aspects of an Industry,,TRUE
8175-31,Identify the purposes and goals of the student organization.,Sports Entertainment and Event Marketing,9-12,Addressing Elements of Student Life,,TRUE
8175-32,Explain the benefits and responsibilities of membership in the student organization as a student and in professional/civic organizations as an adult.,Sports Entertainment and Event Marketing,9-12,Addressing Elements of Student Life,,TRUE
8175-33,"Demonstrate leadership skills through participation in student organization activities, such as meetings, programs, and projects.",Sports Entertainment and Event Marketing,9-12,Addressing Elements of Student Life,,TRUE
8175-34,Identify Internet safety issues and procedures for complying with acceptable use standards.,Sports Entertainment and Event Marketing,9-12,Addressing Elements of Student Life,,TRUE
8175-35,Identify the types of work-based learning (WBL) opportunities.,Sports Entertainment and Event Marketing,9-12,Exploring Work-Based Learning,,TRUE
8175-36,Reflect on lessons learned during the WBL experience.,Sports Entertainment and Event Marketing,9-12,Exploring Work-Based Learning,,TRUE
8175-37,Explore career opportunities related to the WBL experience.,Sports Entertainment and Event Marketing,9-12,Exploring Work-Based Learning,,TRUE
8175-38,"Participate in a WBL experience, when appropriate.",Sports Entertainment and Event Marketing,9-12,Exploring Work-Based Learning,,TRUE
8175-39,"Explain marketing as it relates to the sports, entertainment, and event industries.",Sports Entertainment and Event Marketing,9-12,Developing an Overview of Marketing,,TRUE
8175-40,"Identify the components (the Ps) of the marketing mix as they relate to sports, entertainment, and event marketing.",Sports Entertainment and Event Marketing,9-12,Developing an Overview of Marketing,,TRUE
8175-41,"Describe the marketing concept as related to the sports, entertainment, and event industries.",Sports Entertainment and Event Marketing,9-12,Developing an Overview of Marketing,,TRUE
8175-42,Explain the concept of target marketing.,Sports Entertainment and Event Marketing,9-12,Developing an Overview of Marketing,,TRUE
8175-43,Describe the marketing functions.,Sports Entertainment and Event Marketing,9-12,Developing an Overview of Marketing,,TRUE
8175-44,"Explain the importance of the sports, entertainment, and event industries.",Sports Entertainment and Event Marketing,9-12,"Understanding the Importance of Sports, Entertainment, and Event Marketing",,TRUE
8175-45,"Describe the past, present, and future of the sports, entertainment, and event industries.",Sports Entertainment and Event Marketing,9-12,"Understanding the Importance of Sports, Entertainment, and Event Marketing",,TRUE
8175-46,"Explain hospitality as it relates to the sports, entertainment, and event industries.",Sports Entertainment and Event Marketing,9-12,"Understanding the Importance of Sports, Entertainment, and Event Marketing",,TRUE
8175-47,"Analyze trends and innovations in the sports, entertainment, and event industries.",Sports Entertainment and Event Marketing,9-12,"Understanding the Importance of Sports, Entertainment, and Event Marketing",,TRUE
8175-48,"Identify types of communication used in the sports, entertainment, and event industries.",Sports Entertainment and Event Marketing,9-12,Developing Interpersonal Skills,,TRUE
8175-49,Identify the role of communication in work relationships.,Sports Entertainment and Event Marketing,9-12,Developing Interpersonal Skills,,TRUE
8175-50,Develop presentation skills as a form of business communication.,Sports Entertainment and Event Marketing,9-12,Developing Interpersonal Skills,,TRUE
8175-51,Identify ethical and unethical business practices.,Sports Entertainment and Event Marketing,9-12,Developing Interpersonal Skills,,TRUE
8175-52,"Explain the importance of customer service as it relates to the sports, entertainment, and event industries.",Sports Entertainment and Event Marketing,9-12,Developing Customer Service Skills,,TRUE
8175-53,Compare various types of customer interaction.,Sports Entertainment and Event Marketing,9-12,Developing Customer Service Skills,,TRUE
8175-54,Translate technical language into commonly understood language.,Sports Entertainment and Event Marketing,9-12,Developing Customer Service Skills,,TRUE
8175-55,Describe procedures for handling a customer complaint.,Sports Entertainment and Event Marketing,9-12,Developing Customer Service Skills,,TRUE
8175-56,Explain branding.,Sports Entertainment and Event Marketing,9-12,Exploring the Concept of Branding,,TRUE
8175-57,"Explain the concept of branding as it relates to sports, entertainment, and event marketing.",Sports Entertainment and Event Marketing,9-12,Exploring the Concept of Branding,,TRUE
8175-58,Explain product licensing and brand protection.,Sports Entertainment and Event Marketing,9-12,Exploring the Concept of Branding,,TRUE
8175-59,Explain the concept of and reasons for rebranding.,Sports Entertainment and Event Marketing,9-12,Exploring the Concept of Branding,,TRUE
8175-60,"Explain product and service planning in sports, entertainment, and events.",Sports Entertainment and Event Marketing,9-12,Describing Product Development,,TRUE
8175-61,Explain product life cycle.,Sports Entertainment and Event Marketing,9-12,Describing Product Development,,TRUE
8175-62,Describe the role of market research.,Sports Entertainment and Event Marketing,9-12,Describing Product Development,,TRUE
8175-63,Create a survey to conduct primary research.,Sports Entertainment and Event Marketing,9-12,Describing Product Development,,TRUE
8175-64,Explain the role of product positioning.,Sports Entertainment and Event Marketing,9-12,Describing Product Development,,TRUE
8175-65,"Describe the impact of uncontrollable factors on sports, entertainment, and event product development.",Sports Entertainment and Event Marketing,9-12,Describing Product Development,,TRUE
8175-66,Explain pricing and the factors that affect pricing decisions.,Sports Entertainment and Event Marketing,9-12,Exploring Pricing Strategies,,TRUE
8175-67,"Identify pricing strategies as they relate to the sports, entertainment, and event industries.",Sports Entertainment and Event Marketing,9-12,Exploring Pricing Strategies,,TRUE
8175-68,"Explain business as it relates to the sports, entertainment, and event industries.",Sports Entertainment and Event Marketing,9-12,"Understanding the Business Structure of Sports, Entertainment, and Event Marketing",,TRUE
8175-69,"Compare the types of business ownership and their roles in the sports, entertainment, and event industries.",Sports Entertainment and Event Marketing,9-12,"Understanding the Business Structure of Sports, Entertainment, and Event Marketing",,TRUE
8175-70,"Explain distribution and how it relates to the sports, entertainment, and event industries.",Sports Entertainment and Event Marketing,9-12,Exploring Distribution Strategies,,TRUE
8175-71,"Identify challenges for distributing sports, entertainment, and event services.",Sports Entertainment and Event Marketing,9-12,Exploring Distribution Strategies,,TRUE
8175-72,Explain promotion and promotional mix.,Sports Entertainment and Event Marketing,9-12,Developing a Promotional Mix,,TRUE
8175-73,"Identify the roles of advertising, publicity, sales promotion, direct marketing, and personal selling in the sports, entertainment, and event industries.",Sports Entertainment and Event Marketing,9-12,Developing a Promotional Mix,,TRUE
8175-74,"Identify methods of communication used in sports, entertainment, and event promotion.",Sports Entertainment and Event Marketing,9-12,Developing a Promotional Mix,,TRUE
8175-75,Describe the elements of an advertisement.,Sports Entertainment and Event Marketing,9-12,Exploring the Forms and Techniques of Advertising,,TRUE
8175-76,"Explain advertising as related to the sports, entertainment, and event industries.",Sports Entertainment and Event Marketing,9-12,Exploring the Forms and Techniques of Advertising,,TRUE
8175-77,Identify the goals of advertising and the methods of evaluating an advertisement’s success.,Sports Entertainment and Event Marketing,9-12,Exploring the Forms and Techniques of Advertising,,TRUE
8175-78,Define current electronic marketing tools and platforms.,Sports Entertainment and Event Marketing,9-12,Using Digital Media,,TRUE
8175-79,Identify methods for attracting customers and establishing and maintaining customer relationships.,Sports Entertainment and Event Marketing,9-12,Using Digital Media,,TRUE
8175-80,Identify target markets’ preferred platforms for various electronic marketing tools.,Sports Entertainment and Event Marketing,9-12,Using Digital Media,,TRUE
8175-81,Compare traditional marketing and digital media marketing.,Sports Entertainment and Event Marketing,9-12,Using Digital Media,,TRUE
8175-82,Explain how digital media can be used to generate revenue.,Sports Entertainment and Event Marketing,9-12,Using Digital Media,,TRUE
8175-83,"Explain public relations as related to the sports, entertainment, and event industries.",Sports Entertainment and Event Marketing,9-12,Exploring Public Relations and Media Relations,,TRUE
8175-84,Describe public relations (PR) tools.,Sports Entertainment and Event Marketing,9-12,Exploring Public Relations and Media Relations,,TRUE
8175-85,Explain the internal and external aspects of public relations.,Sports Entertainment and Event Marketing,9-12,Exploring Public Relations and Media Relations,,TRUE
8175-86,Analyze the effects of negative media.,Sports Entertainment and Event Marketing,9-12,Exploring Public Relations and Media Relations,,TRUE
8175-87,"Explain sponsorship and endorsements as they relate to the sports, entertainment, and event industries.",Sports Entertainment and Event Marketing,9-12,Exploring Sponsorship and Endorsements,,TRUE
8175-88,Compare the reasons for using sponsorships vs. endorsements.,Sports Entertainment and Event Marketing,9-12,Exploring Sponsorship and Endorsements,,TRUE
8175-89,Identify legal restrictions placed on endorsements and sponsorships.,Sports Entertainment and Event Marketing,9-12,Exploring Sponsorship and Endorsements,,TRUE
8175-90,"Identify current trends in sponsorship within the sports, entertainment, and event industries.",Sports Entertainment and Event Marketing,9-12,Exploring Sponsorship and Endorsements,,TRUE
8175-91,Describe the components and relationships between stakeholders.,Sports Entertainment and Event Marketing,9-12,Exploring Sponsorship and Endorsements,,TRUE
8175-92,"Explain the advantages and disadvantages of using various forms of sales promotion in the sports, entertainment, and event industries.",Sports Entertainment and Event Marketing,9-12,Exploring Sales Promotion,,TRUE
8175-93,"Describe the elements of sports, entertainment, and event promotional campaigns.",Sports Entertainment and Event Marketing,9-12,Exploring Sales Promotion,,TRUE
8175-94,"Explain the types of selling and why they are important in the sports, entertainment, and event industries.",Sports Entertainment and Event Marketing,9-12,Describing the Sales Process,,TRUE
8175-95,Explain the concept of bundling products and/or services.,Sports Entertainment and Event Marketing,9-12,Describing the Sales Process,,TRUE
8175-96,Explain the steps of the selling process.,Sports Entertainment and Event Marketing,9-12,Describing the Sales Process,,TRUE
8175-97,"Explain on-site merchandising and concessions as they relate to sports, entertainment, and event facilities.",Sports Entertainment and Event Marketing,9-12,Describing the Sales Process,,TRUE
8175-98,"Explain economic concepts and their relationship to the sports, entertainment, and event industries.",Sports Entertainment and Event Marketing,9-12,"Describing the Economics of the Sports, Entertainment, and Event Industries",,TRUE
8175-99,"Explain how the phases in the business cycle affect the sports, entertainment, and event industries.",Sports Entertainment and Event Marketing,9-12,"Describing the Economics of the Sports, Entertainment, and Event Industries",,TRUE
8175-100,Explain the concept of supply and demand.,Sports Entertainment and Event Marketing,9-12,"Describing the Economics of the Sports, Entertainment, and Event Industries",,TRUE
8175-101,"Explain competition as it relates to the sports, entertainment, and event industries.",Sports Entertainment and Event Marketing,9-12,"Describing the Economics of the Sports, Entertainment, and Event Industries",,TRUE
8175-102,Explain the components of the marketing plan.,Sports Entertainment and Event Marketing,9-12,Exploring the Marketing Plan,,TRUE
8175-103,Describe the importance of research in developing a marketing plan.,Sports Entertainment and Event Marketing,9-12,Exploring the Marketing Plan,,TRUE
8175-104,Describe the importance of analyzing the marketing plan to determine ROI of the spend.,Sports Entertainment and Event Marketing,9-12,Exploring the Marketing Plan,,TRUE
8175-105,Identify the components of a SWOT analysis.,Sports Entertainment and Event Marketing,9-12,Exploring the Marketing Plan,,TRUE
8175-106,"Identify occupations within the sports, entertainment, and event industries.",Sports Entertainment and Event Marketing,9-12,Developing Job Search Skills,,TRUE
8175-107,"Identify personal skills and interests applicable to the sports, entertainment, and event industries.",Sports Entertainment and Event Marketing,9-12,Developing Job Search Skills,,TRUE
8175-108,"Identify resources for a job search in the sports, entertainment, and event industries.",Sports Entertainment and Event Marketing,9-12,Developing Job Search Skills,,TRUE
8175-109,"Create a networking plan in the sports, entertainment, and event industries.",Sports Entertainment and Event Marketing,9-12,Developing Job Search Skills,,TRUE
8175-110,Develop a résumé and cover letter.,Sports Entertainment and Event Marketing,9-12,Developing Job Search Skills,,TRUE
8175-111,Complete a job application.,Sports Entertainment and Event Marketing,9-12,Developing Job Search Skills,,TRUE
8175-112,Describe the job interview process.,Sports Entertainment and Event Marketing,9-12,Developing Job Search Skills,,TRUE
8175-113,Participate in a mock interview or an informational interview with a local employer.,Sports Entertainment and Event Marketing,9-12,Developing Job Search Skills,,TRUE
